-- phpMyAdmin SQL Dump
-- version 4.6.5.1
-- https://www.phpmyadmin.net/
--
-- Host: localhost
-- Generation Time: Apr 17, 2017 at 06:17 PM
-- Server version: 5.6.34
-- PHP Version: 7.1.0

SET SQL_MODE = "NO_AUTO_VALUE_ON_ZERO";
SET time_zone = "+00:00";

--
-- Database: `db_project`
--

-- --------------------------------------------------------

--
-- Table structure for table `analyst`
--

CREATE TABLE `analyst` (
  `aID` int(3) NOT NULL,
  `duty` varchar(500) NOT NULL
) ENGINE=InnoDB DEFAULT CHARSET=utf8;

--
-- Dumping data for table `analyst`
--

INSERT INTO `analyst` (`aID`, `duty`) VALUES
(102, 'Normal Weather Type Analysis'),
(103, 'Normal Weather Type Analysis'),
(202, 'Hazard Weather Type Analysis'),
(203, 'Hazard Weather Type Analysis'),
(302, 'Prediction'),
(303, 'Prediction'),
(402, 'Data Stability'),
(403, 'Data Stability'),
(502, 'Market Development'),
(503, 'Market Development'),
(602, 'Customer Experience Improvement'),
(603, 'Customer Experience Improvement');

-- --------------------------------------------------------

--
-- Table structure for table `city`
--

CREATE TABLE `city` (
  `cityID` varchar(10) NOT NULL,
  `cityName` varchar(80) NOT NULL,
  `state` varchar(80) NOT NULL,
  `population` int(20) NOT NULL,
  `area` float NOT NULL,
  `mID` int(3) NOT NULL
) ENGINE=InnoDB DEFAULT CHARSET=utf8;

--
-- Dumping data for table `city`
--

INSERT INTO `city` (`cityID`, `cityName`, `state`, `population`, `area`, `mID`) VALUES
('CHGO', 'Chicago', 'Illinois', 2700000, 234, 501),
('DAL', 'Dallas', 'Texas', 1250000, 386, 401),
('LAX', 'Los Angeles', 'California', 3800000, 503, 301),
('NYC', 'New York', 'New York', 8100000, 304, 601),
('PHI', 'Philadelphia', 'Pennsylvania', 1500000, 141.7, 201),
('PIT', 'Pittsburgh', 'Pennsylvania', 305000, 58.3, 101);

-- --------------------------------------------------------

--
-- Table structure for table `comment`
--

CREATE TABLE `comment` (
  `userName` varchar(8) NOT NULL,
  `cityID` varchar(10) NOT NULL,
  `dateID` date NOT NULL,
  `rate` int(1) NOT NULL,
  `comment` varchar(500) NOT NULL
) ENGINE=InnoDB DEFAULT CHARSET=utf8;

--
-- Dumping data for table `comment`
--

INSERT INTO `comment` (`userName`, `cityID`, `dateID`, `rate`, `comment`) VALUES
('all001', 'PIT', '2017-01-01', 5, 'nice day'),
('jd808', 'PIT', '2017-01-04', 5, 'cool'),
('jm443', 'DAL', '2017-01-11', 1, 'hate it'),
('kc208', 'CHGO', '2017-01-03', 4, 'like it'),
('kst1rg', 'CHGO', '2017-03-10', 3, 'ok'),
('mv123', 'LAX', '2017-02-01', 3, 'not that bad'),
('nf490', 'DAL', '2017-01-11', 1, 'so cold'),
('osd432', 'LAX', '2017-01-05', 4, 'good'),
('r00d', 'LAX', '2017-03-02', 1, 'why'),
('sh209', 'PIT', '2017-02-03', 5, 'love it'),
('snow552', 'PHI', '2017-03-03', 5, 'feel better'),
('sp112', 'PIT', '2017-01-07', 1, 'bad day'),
('strp02', 'LAX', '2017-02-02', 3, 'like normal'),
('th880', 'PHI', '2017-03-05', 3, 'another day');

-- --------------------------------------------------------

--
-- Table structure for table `employee`
--

CREATE TABLE `employee` (
  `eID` int(3) NOT NULL,
  `firstName` varchar(50) NOT NULL,
  `lastName` varchar(50) NOT NULL,
  `title` varchar(50) NOT NULL,
  `cityID` varchar(10) NOT NULL,
  `email` varchar(100) NOT NULL,
  `gender` varchar(5) NOT NULL,
  `salary` int(10) NOT NULL,
  `address` varchar(500) NOT NULL,
  `zip` int(10) NOT NULL,
  `password` varchar(8) NOT NULL
) ENGINE=InnoDB DEFAULT CHARSET=utf8;

--
-- Dumping data for table `employee`
--

INSERT INTO `employee` (`eID`, `firstName`, `lastName`, `title`, `cityID`, `email`, `gender`, `salary`, `address`, `zip`, `password`) VALUES
(100, 'James', 'Walkman', 'CEO', 'PIT', 'jw@smartweather.com', 'M', 200000, '2120 JW Road', 15213, '11111111'),
(101, 'Will', 'Adams', 'RegionManager', 'PIT', 'will@smartweather.com', 'M', 106000, '5808 Bayard St, Apt 201', 15213, '15243820'),
(102, 'Cory', 'Peppers', 'Analyst', 'PIT', 'cory@smartweather.com', 'F', 70000, '1527 Bayard Rd, Apt 23', 15260, '98603729'),
(103, 'Bill', 'Smith', 'Analyst', 'PIT', 'bill@smartweather.com', 'M', 40000, '4227 Murray Ave, Apt 101', 15213, '12784302'),
(104, 'Lucy', 'Roberts', 'Observer', 'PIT', 'lucy@smartweather.com', 'F', 43000, '4120 Highland Park', 15213, '55889933'),
(201, 'Shannon', 'White', 'RegionManager', 'PHI', 'shannon@smartweather.com', 'M', 106000, '5173 Fifth Ave, Apt 202', 19109, '77992708'),
(202, 'Jake', 'Green', 'Analyst', 'PHI', 'jake@smartweather.com', 'F', 70000, '2210 Forbes Ave, Apt 210', 19093, '39398412'),
(203, 'Bobby', 'Bert', 'Analyst', 'PHI', 'bobby@smartweather.com', 'M', 40000, '2980 Orkwood St, Apt 304', 19109, '98263413'),
(204, 'John', 'Gary', 'Observer', 'PHI', 'john@smartweather.com', 'F', 43000, '4221 Robinson Ave, Apt 45', 19093, '28945632'),
(301, 'William', 'Smith', 'RegionManager', 'LAX', 'william@smartweather.com', 'M', 106000, '5780 Brown St', 90045, '15156072'),
(302, 'Amanda', 'Roberts', 'Analyst', 'LAX', 'amanda@smartweather.com', 'F', 70000, '2121 Smith Rd, Apt 126', 90045, '43892307'),
(303, 'John', 'Smith', 'Analyst', 'LAX', 'johny@smartweather.com', 'M', 40000, '1314 Arlington St, Apt 109', 90045, '93864589'),
(304, 'Kate', 'Roberts', 'Observer', 'LAX', 'kate@smartweather.com', 'F', 43000, '2020 Hawking Ave, Apt 402', 90045, '29483826'),
(401, 'Stephen', 'Hawking', 'RegionManager', 'DAL', 'stephen@smartweather.com', 'M', 106000, '1370 Wood St', 75001, '89823734'),
(402, 'Amy', 'Smith', 'Analyst', 'DAL', 'amy@smartweather.com', 'F', 70000, '2928 White Ave, Apt 115', 75063, '74263723'),
(403, 'Jack', 'Brown', 'Analyst', 'DAL', 'jack@smartweather.com', 'M', 40000, '7452 Edward St, Apt 203', 75001, '55993452'),
(404, 'Ann', 'Bert', 'Observer', 'DAL', 'ann@smartweather.com', 'F', 43000, '1121 Kennywood Rd, Apt 110', 75063, '15824373'),
(501, 'Jane', 'Sanchez', 'RegionManager', 'CHGO', 'jane@smartweather.com', 'M', 106000, '1010 Rose Ave, Apt 304', 60176, '29804589'),
(502, 'Allison', 'Brown', 'Analyst', 'CHGO', 'allison@smartweather.com', 'F', 70000, '5422 Olympic Rd, Apt 506', 60603, '15234012'),
(503, 'Bill', 'Smith', 'Analyst', 'CHGO', 'billy@smartweather.com', 'M', 40000, '1900 Titanic St, Apt 142', 60176, '42732082'),
(504, 'Mary', 'Elizabeth', 'Observer', 'CHGO', 'mary@smartweather.com', 'F', 43000, '1024 Penn Ave, Apt 205', 60603, '15298423'),
(601, 'Tom', 'Hanks', 'RegionManager', 'NYC', 'tom@smartweather.com', 'M', 106000, '2000 Noodle Rd, Apt 301', 10001, '45892034'),
(602, 'Kitty', 'Chen', 'Analyst', 'NYC', 'kitty@smartweather.com', 'F', 70000, '1252 Rice St, Apt 501', 10005, '11553473'),
(603, 'Black', 'White', 'Analyst', 'NYC', 'black@smartweather.com', 'M', 40000, '3000 Centre Ave, Apt 430', 10001, '98234890'),
(604, 'Qiu', 'Zhang', 'Observer', 'NYC', 'qiu@smartweather.com', 'F', 43000, '9027 26th St, Apt 552', 10005, '15342073');

-- --------------------------------------------------------

--
-- Table structure for table `exwt`
--

CREATE TABLE `exwt` (
  `exwtID` int(5) NOT NULL,
  `exwtType` varchar(100) NOT NULL,
  `heavyFog` varchar(20) NOT NULL,
  `haze` varchar(20) NOT NULL,
  `thunder` varchar(20) NOT NULL,
  `hail` varchar(20) NOT NULL
) ENGINE=InnoDB DEFAULT CHARSET=utf8;

--
-- Dumping data for table `exwt`
--

INSERT INTO `exwt` (`exwtID`, `exwtType`, `heavyFog`, `haze`, `thunder`, `hail`) VALUES
(10000, 'No Extreme Weather', 'notHeavyFog', 'notHaze', 'notThunder', 'notHail'),
(10001, 'Hail', 'notHeavyFog', 'notHaze', 'notThunder', 'Hail'),
(10010, 'Thunder', 'notHeavyFog', 'notHaze', 'Thunder', 'notHail'),
(10011, 'Thunder, Hail', 'notHeavyFog', 'notHaze', 'Thunder', 'Hail'),
(10100, 'Haze', 'notHeavyFog', 'Haze', 'notThunder', 'notHail'),
(10101, 'Haze, Hail', 'notHeavyFog', 'Haze', 'notThunder', 'Hail'),
(10110, 'Haze, Thunder', 'notHeavyFog', 'Haze', 'Thunder', 'notHail'),
(10111, 'Haze, Thunder, Hail', 'notHeavyFog', 'Haze', 'Thunder', 'Hail'),
(11000, 'Heavy Fog', 'HeavyFog', 'notHaze', 'notThunder', 'notHail'),
(11001, 'Heavy Fog, Hail', 'HeavyFog', 'notHaze', 'notThunder', 'Hail'),
(11010, 'Heavy Fog, Thunder', 'HeavyFog', 'notHaze', 'Thunder', 'notHail'),
(11011, 'Heavy Fog, Thunder, Hail', 'HeavyFog', 'notHaze', 'Thunder', 'Hail'),
(11100, 'Heavy Fog, Haze', 'HeavyFog', 'Haze', 'notThunder', 'notHail'),
(11101, 'Heavy Fog, Haze, Hail', 'HeavyFog', 'Haze', 'notThunder', 'Hail'),
(11110, 'Heavy Fog, Haze, Thunder', 'HeavyFog', 'Haze', 'Thunder', 'notHail');

-- --------------------------------------------------------

--
-- Table structure for table `manager`
--

CREATE TABLE `manager` (
  `mID` int(3) NOT NULL,
  `phone` varchar(30) NOT NULL
) ENGINE=InnoDB DEFAULT CHARSET=utf8;

--
-- Dumping data for table `manager`
--

INSERT INTO `manager` (`mID`, `phone`) VALUES
(601, '4109524510'),
(100, '4120000000'),
(401, '4124207689'),
(501, '4124448758'),
(201, '4124573280'),
(101, '4124998712'),
(301, '4219876543');

-- --------------------------------------------------------

--
-- Table structure for table `observer`
--

CREATE TABLE `observer` (
  `oID` int(3) NOT NULL,
  `nickName` varchar(50) NOT NULL
) ENGINE=InnoDB DEFAULT CHARSET=utf8;

--
-- Dumping data for table `observer`
--

INSERT INTO `observer` (`oID`, `nickName`) VALUES
(404, 'Ann'),
(204, 'John'),
(304, 'Kate'),
(104, 'Lucy'),
(504, 'Mary'),
(604, 'Qiu');

-- --------------------------------------------------------

--
-- Table structure for table `owRelation`
--

CREATE TABLE `owRelation` (
  `cityID` varchar(10) NOT NULL,
  `oID` int(3) NOT NULL
) ENGINE=InnoDB DEFAULT CHARSET=utf8;

--
-- Dumping data for table `owRelation`
--

INSERT INTO `owRelation` (`cityID`, `oID`) VALUES
('PIT', 104),
('PHI', 204),
('LAX', 304),
('DAL', 404),
('CHGO', 504),
('NYC', 604);

-- --------------------------------------------------------

--
-- Table structure for table `price`
--

CREATE TABLE `price` (
  `cityName` varchar(80) NOT NULL,
  `price` float NOT NULL
) ENGINE=InnoDB DEFAULT CHARSET=utf8;

--
-- Dumping data for table `price`
--

INSERT INTO `price` (`cityName`, `price`) VALUES
('Chicago', 0.5),
('Dallas', 0.5),
('Los Angeles', 0.5),
('New York', 0.5),
('Philadelphia', 0.5),
('Pittsburgh', 0.5);

-- --------------------------------------------------------

--
-- Table structure for table `subscription`
--

CREATE TABLE `subscription` (
  `userName` varchar(8) NOT NULL,
  `cityName` varchar(80) NOT NULL
) ENGINE=InnoDB DEFAULT CHARSET=utf8;

--
-- Dumping data for table `subscription`
--

INSERT INTO `subscription` (`userName`, `cityName`) VALUES
('kc208', 'Chicago'),
('kst1rg', 'Chicago'),
('jm443', 'Dallas'),
('nf490', 'Dallas'),
('mv123', 'Los Angeles'),
('osd432', 'Los Angeles'),
('r00d', 'Los Angeles'),
('strp02', 'Los Angeles'),
('snow552', 'Philadelphia'),
('th880', 'Philadelphia'),
('all001', 'Pittsburgh'),
('jd808', 'Pittsburgh'),
('sh209', 'Pittsburgh'),
('sp112', 'Pittsburgh');

-- --------------------------------------------------------

--
-- Table structure for table `today`
--

CREATE TABLE `today` (
  `cityName` varchar(80) NOT NULL,
  `cityID` varchar(10) NOT NULL,
  `date` date NOT NULL
) ENGINE=InnoDB DEFAULT CHARSET=utf8 ROW_FORMAT=COMPACT;

--
-- Dumping data for table `today`
--

INSERT INTO `today` (`cityName`, `cityID`, `date`) VALUES
('Chicago', 'CHGO', '2017-03-19'),
('Dallas', 'DAL', '2017-03-19'),
('Los Angeles', 'LAX', '2017-03-19'),
('New York', 'NYC', '2017-03-19'),
('Philadelphia', 'PHI', '2017-03-19'),
('Pittsburgh', 'PIT', '2017-03-19');

-- --------------------------------------------------------

--
-- Table structure for table `user`
--

CREATE TABLE `user` (
  `userName` varchar(8) NOT NULL,
  `firstName` varchar(50) NOT NULL,
  `lastName` varchar(50) NOT NULL,
  `address` varchar(500) NOT NULL,
  `city` varchar(80) NOT NULL,
  `zip` int(10) NOT NULL,
  `email` varchar(100) NOT NULL,
  `gender` varchar(5) NOT NULL,
  `password` varchar(8) NOT NULL
) ENGINE=InnoDB DEFAULT CHARSET=utf8;

--
-- Dumping data for table `user`
--

INSERT INTO `user` (`userName`, `firstName`, `lastName`, `address`, `city`, `zip`, `email`, `gender`, `password`) VALUES
('all001', 'Allison', 'Lederer', '5715 Elmer St', 'Pittsburgh', 15232, 'ajlederer@gmail.com', 'F', '19582631'),
('jd808', 'Jin', 'Dai', '4242 Forbes Ave', 'Pittsburgh', 15204, 'jdai423@gmail.com', 'M', '21786109'),
('jm443', 'Jenny', 'McCarthy ', '506 Sunset Rd apt 1a', 'Dallas', 48215, 'JenMc@gmail.com', 'F', '89562083'),
('kc208', 'Christy', 'King', '73 Washington BLVD', 'Chicago', 60603, 'KingC@yahoo.com', 'F', '38376298'),
('kst1rg', 'Regina', 'Kist', '3067 Main St', 'Chicago', 60007, 'kist456@gmail.com', 'F', '89894567'),
('mv123', 'Mike ', 'Valone', '505 Amber Way', 'Los Angeles', 90016, 'MVP5050@gmail.com', 'M', '37348208'),
('nf490', 'Nick ', 'Ferris', '17 Cherry St Apt 6', 'Dallas', 48127, 'NGF6767@UM.edu', 'M', '90458392'),
('osd432', 'Aubrey', 'Oswald', '6231 Walnut St', 'Los Angeles', 10010, 'AubreyO@aol.com', 'F', '54528609'),
('r00d', 'Dylan', 'Rodes', '5758 Hastings Dr', 'Los Angeles', 90024, 'Drodes@aol.com', 'M', '10657834'),
('sh209', 'Sabrina', 'Han', '602 Baum Blvd', 'Pittsburgh', 15230, 'saixiongh@gmail.com', 'F', '34891382'),
('snow552', 'Jon', 'Snow', '15 Main St', 'Philadelphia', 16544, 'Snow15@yahoo.com', 'M', '10002000'),
('sp112', 'Sam', 'Perry', '606 Penn Ave', 'Pittsburgh', 12257, 'Perry.sam@yahoo.com', 'M', '79823760'),
('strp02', 'Meryl', 'Streep', '77 Lexington Ave Apt 19', 'Los Angeles', 90005, 'Streep@aol.com', 'F', '55667788'),
('th880', 'Tom', 'Hanks', '6052 22nd Street', 'Philadelphia', 16532, 'THanks@gmail.com', 'M', '77773344');

-- --------------------------------------------------------

--
-- Table structure for table `weather`
--

CREATE TABLE `weather` (
  `cityID` varchar(10) NOT NULL,
  `date` date NOT NULL,
  `precipitation` float NOT NULL,
  `snowDepth` float NOT NULL,
  `snowAmount` float NOT NULL,
  `tMax` int(4) NOT NULL,
  `tMin` int(4) NOT NULL,
  `windSpeed` float NOT NULL,
  `windDirection` int(4) NOT NULL,
  `wtID` int(5) NOT NULL,
  `exwtID` int(5) NOT NULL
) ENGINE=InnoDB DEFAULT CHARSET=utf8;

--
-- Dumping data for table `weather`
--

INSERT INTO `weather` (`cityID`, `date`, `precipitation`, `snowDepth`, `snowAmount`, `tMax`, `tMin`, `windSpeed`, `windDirection`, `wtID`, `exwtID`) VALUES
('CHGO', '2017-01-01', 0, 0, 0, 40, 17, 4.9, 190, 10001, 10000),
('CHGO', '2017-01-02', 0.11, 0, 0, 40, 25, 6.3, 70, 10101, 10010),
('CHGO', '2017-01-03', 0, 0, 0, 39, 19, 10.1, 290, 10001, 11000),
('CHGO', '2017-01-04', 0, 0, 0, 19, 7, 17, 280, 11000, 10000),
('CHGO', '2017-01-05', 0, 0, 0, 13, 3, 12.8, 270, 11000, 10000),
('CHGO', '2017-01-06', 0, 0, 0, 9, 0, 10.1, 260, 11000, 10000),
('CHGO', '2017-01-07', 0, 0, 0, 18, 0, 10.7, 330, 11000, 10000),
('CHGO', '2017-01-08', 0, 0, 0, 19, 2, 9.6, 200, 11000, 10000),
('CHGO', '2017-01-09', 0.02, 0, 0.2, 33, 19, 13, 190, 10011, 10000),
('CHGO', '2017-01-10', 0.2, 0, 0, 51, 25, 23.3, 260, 10101, 10010),
('CHGO', '2017-01-11', 0.33, 0, 0, 43, 25, 12.1, 10, 10101, 11001),
('CHGO', '2017-01-12', 0.05, 0, 0.2, 28, 19, 11.2, 20, 10011, 10100),
('CHGO', '2017-01-13', 0, 0, 0, 27, 16, 8.9, 20, 11000, 10000),
('CHGO', '2017-01-14', 0, 0, 0, 35, 21, 4.7, 330, 10001, 10000),
('CHGO', '2017-01-15', 0, 0, 0, 36, 20, 2.2, 200, 10001, 10010),
('CHGO', '2017-01-16', 0.9, 0, 0, 37, 30, 5.8, 100, 10101, 10110),
('CHGO', '2017-01-17', 0.48, 0, 0, 39, 35, 9.6, 280, 10101, 10001),
('CHGO', '2017-01-18', 0, 0, 0, 36, 30, 9.6, 240, 10001, 10000),
('CHGO', '2017-01-19', 0.46, 0, 0, 42, 30, 6.7, 80, 10101, 10010),
('CHGO', '2017-01-20', 0.18, 0, 0, 43, 38, 5.8, 60, 10101, 11000),
('CHGO', '2017-01-21', 0, 0, 0, 59, 40, 8.5, 190, 10001, 11000),
('CHGO', '2017-01-22', 0.01, 0, 0, 46, 38, 5.4, 10, 10101, 11000),
('CHGO', '2017-01-23', 0, 0, 0, 42, 36, 9.4, 350, 10001, 10000),
('CHGO', '2017-01-24', 0, 0, 0, 38, 34, 7.2, 100, 10001, 10010),
('CHGO', '2017-01-25', 0.09, 0, 0, 42, 34, 11.4, 260, 10101, 10010),
('CHGO', '2017-01-26', 0, 0, 0, 34, 30, 13.4, 310, 10001, 10000),
('CHGO', '2017-01-27', 0, 0, 0, 31, 24, 14.8, 270, 11000, 10000),
('CHGO', '2017-01-28', 0, 0, 0, 29, 24, 11.6, 280, 10000, 10010),
('CHGO', '2017-01-29', 0, 0, 0.1, 28, 21, 10.5, 320, 10010, 10000),
('CHGO', '2017-01-30', 0.01, 0, 0.1, 37, 15, 10.1, 190, 10010, 10000),
('CHGO', '2017-01-31', 0.03, 0, 0, 39, 35, 15.7, 300, 10101, 10000),
('CHGO', '2017-02-01', 0, 0, 0, 38, 21, 12.3, 280, 10001, 10000),
('CHGO', '2017-02-02', 0, 0, 0, 24, 14, 13.4, 320, 11000, 10000),
('CHGO', '2017-02-03', 0, 0, 0, 28, 14, 10.5, 290, 11000, 10000),
('CHGO', '2017-02-04', 0, 0, 0, 33, 10, 12.5, 190, 11000, 10000),
('CHGO', '2017-02-05', 0, 0, 0, 38, 24, 8.7, 320, 10001, 10000),
('CHGO', '2017-02-06', 0, 0, 0, 55, 21, 6.9, 180, 10001, 11010),
('CHGO', '2017-02-07', 0.47, 0, 0, 50, 32, 10.5, 290, 10101, 11001),
('CHGO', '2017-02-08', 0, 0, 0, 32, 19, 11.2, 330, 11000, 10000),
('CHGO', '2017-02-09', 0, 0, 0, 25, 13, 11.6, 320, 11000, 10000),
('CHGO', '2017-02-10', 0, 0, 0, 41, 18, 13.6, 200, 11000, 10000),
('CHGO', '2017-02-11', 0, 0, 0, 49, 34, 6.7, 20, 10001, 10010),
('CHGO', '2017-02-12', 0, 0, 0, 47, 31, 15.9, 300, 11000, 10000),
('CHGO', '2017-02-13', 0, 0, 0, 44, 25, 10.3, 250, 11000, 10000),
('CHGO', '2017-02-14', 0, 0, 0, 50, 31, 14.1, 320, 11000, 10000),
('CHGO', '2017-02-15', 0, 0, 0, 35, 26, 11.2, 330, 11000, 10000),
('CHGO', '2017-02-16', 0, 0, 0, 41, 30, 8.9, 130, 11000, 10000),
('CHGO', '2017-02-17', 0, 0, 0, 67, 27, 8.1, 200, 11000, 10000),
('CHGO', '2017-02-18', 0, 0, 0, 70, 40, 6.9, 220, 11000, 10000),
('CHGO', '2017-02-19', 0, 0, 0, 69, 35, 3.8, 100, 11000, 10000),
('CHGO', '2017-02-20', 0, 0, 0, 70, 41, 12.3, 160, 10001, 10010),
('CHGO', '2017-02-21', 0.04, 0, 0, 66, 49, 6.5, 200, 10101, 10010),
('CHGO', '2017-02-22', 0, 0, 0, 68, 50, 11.9, 190, 10001, 10010),
('CHGO', '2017-02-23', 0.21, 0, 0, 59, 38, 12.5, 30, 10101, 10000),
('CHGO', '2017-02-24', 0.15, 0, 0, 40, 33, 12.5, 30, 10101, 10001),
('CHGO', '2017-02-25', 0, 0, 0, 33, 23, 13.9, 310, 11000, 10000),
('CHGO', '2017-02-26', 0, 0, 0, 49, 21, 13.9, 200, 11000, 10000),
('CHGO', '2017-02-27', 0, 0, 0, 54, 27, 7.4, 200, 11000, 10000),
('CHGO', '2017-02-28', 0.65, 0, 0, 60, 47, 13.6, 190, 10101, 10011),
('CHGO', '2017-03-01', 0.12, 0, 0, 54, 32, 14.1, 300, 10101, 11000),
('CHGO', '2017-03-02', 0, 0, 0, 35, 27, 11, 280, 11000, 10000),
('CHGO', '2017-03-03', 0, 0, 0, 33, 21, 10.3, 320, 11000, 10000),
('CHGO', '2017-03-04', 0.01, 0, 0.1, 42, 28, 14.5, 120, 10011, 10010),
('CHGO', '2017-03-05', 0, 0, 0, 60, 32, 14.5, 200, 11000, 10000),
('CHGO', '2017-03-06', 0, 0, 0, 65, 52, 21, 190, 11000, 10000),
('CHGO', '2017-03-07', 0.24, 0, 0, 65, 44, 19.2, 250, 10101, 10001),
('CHGO', '2017-03-08', 0, 0, 0, 53, 40, 22.1, 270, 11000, 10000),
('CHGO', '2017-03-09', 0, 0, 0, 42, 29, 6.9, 340, 11000, 10000),
('CHGO', '2017-03-10', 0, 0, 0, 36, 23, 14.5, 350, 11000, 10000),
('CHGO', '2017-03-11', 0, 0, 0, 32, 18, 8.5, 340, 11000, 10000),
('CHGO', '2017-03-12', 0.05, 0, 0.4, 36, 18, 6.9, 80, 10011, 10000),
('CHGO', '2017-03-13', 0.24, 2, 3.9, 31, 27, 10.5, 30, 10011, 11011),
('CHGO', '2017-03-14', 0.19, 5.9, 3.4, 28, 19, 14.1, 340, 10011, 10010),
('CHGO', '2017-03-15', 0, 2, 0, 33, 16, 11.4, 310, 11000, 10000),
('CHGO', '2017-03-16', 0, 1.2, 0, 42, 18, 6.5, 220, 10000, 10010),
('CHGO', '2017-03-17', 0.03, 0, 0, 50, 36, 10.3, 290, 10101, 10110),
('CHGO', '2017-03-18', 0, 0, 0, 45, 32, 13, 290, 11000, 10000),
('CHGO', '2017-03-19', 0, 0, 0, 53, 29, 8.5, 190, 11000, 10000),
('DAL', '2017-01-01', 0.03, 0, 0, 66, 44, 5.6, 270, 10101, 10000),
('DAL', '2017-01-02', 0.41, 0, 0, 72, 54, 7.8, 290, 10101, 11001),
('DAL', '2017-01-03', 0, 0, 0, 61, 38, 12.8, 320, 10000, 10010),
('DAL', '2017-01-04', 0, 0, 0, 40, 31, 8.3, 360, 11000, 10000),
('DAL', '2017-01-05', 0, 0, 0, 41, 26, 11.2, 350, 10001, 10010),
('DAL', '2017-01-06', 0, 0, 0, 27, 18, 14.3, 350, 10001, 10000),
('DAL', '2017-01-07', 0, 0, 0, 38, 13, 4.7, 330, 11000, 10000),
('DAL', '2017-01-08', 0, 0, 0, 48, 22, 8.5, 160, 11000, 10000),
('DAL', '2017-01-09', 0, 0, 0, 67, 34, 12.3, 190, 11000, 10000),
('DAL', '2017-01-10', 0, 0, 0, 78, 61, 9.6, 190, 11000, 10000),
('DAL', '2017-01-11', 0, 0, 0, 77, 61, 12.5, 180, 11000, 10000),
('DAL', '2017-01-12', 0, 0, 0, 79, 47, 8.7, 200, 11000, 10000),
('DAL', '2017-01-13', 0.1, 0, 0, 53, 41, 9.4, 340, 10101, 10010),
('DAL', '2017-01-14', 0, 0, 0, 45, 39, 8.5, 340, 10001, 11000),
('DAL', '2017-01-15', 1.26, 0, 0, 66, 44, 8.1, 140, 10101, 11001),
('DAL', '2017-01-16', 0.05, 0, 0, 66, 47, 5.8, 310, 10101, 11000),
('DAL', '2017-01-17', 0.42, 0, 0, 52, 43, 6.9, 360, 10101, 10001),
('DAL', '2017-01-18', 0.11, 0, 0, 52, 47, 4.7, 310, 10101, 10000),
('DAL', '2017-01-19', 0, 0, 0, 64, 48, 8.1, 170, 10001, 10000),
('DAL', '2017-01-20', 0, 0, 0, 75, 53, 7.2, 240, 11000, 10000),
('DAL', '2017-01-21', 0.01, 0, 0, 70, 47, 7.8, 260, 10101, 10001),
('DAL', '2017-01-22', 0, 0, 0, 66, 50, 17.9, 320, 11000, 10000),
('DAL', '2017-01-23', 0, 0, 0, 67, 38, 6.5, 170, 11000, 10000),
('DAL', '2017-01-24', 0, 0, 0, 79, 49, 8.7, 160, 11000, 10000),
('DAL', '2017-01-25', 0, 0, 0, 66, 40, 11.6, 320, 11000, 10000),
('DAL', '2017-01-26', 0, 0, 0, 52, 31, 7.6, 360, 11000, 10000),
('DAL', '2017-01-27', 0, 0, 0, 56, 30, 7.6, 330, 11000, 10000),
('DAL', '2017-01-28', 0, 0, 0, 57, 36, 9.6, 310, 11000, 10000),
('DAL', '2017-01-29', 0, 0, 0, 68, 42, 12.5, 320, 11000, 10000),
('DAL', '2017-01-30', 0, 0, 0, 77, 51, 7.6, 260, 10000, 10010),
('DAL', '2017-01-31', 0, 0, 0, 79, 53, 8.9, 170, 10000, 10010),
('DAL', '2017-02-01', 0, 0, 0, 79, 54, 9.2, 330, 11000, 10000),
('DAL', '2017-02-02', 0, 0, 0, 54, 42, 13.9, 350, 11000, 10000),
('DAL', '2017-02-03', 0, 0, 0, 53, 41, 8.7, 40, 11000, 10000),
('DAL', '2017-02-04', 0, 0, 0, 51, 44, 8.7, 140, 10001, 10000),
('DAL', '2017-02-05', 0, 0, 0, 76, 48, 8.5, 170, 10001, 10010),
('DAL', '2017-02-06', 0, 0, 0, 80, 66, 10.5, 180, 11000, 10000),
('DAL', '2017-02-07', 0, 0, 0, 79, 58, 9.4, 260, 11000, 10000),
('DAL', '2017-02-08', 0, 0, 0, 71, 46, 14.1, 330, 11000, 10000),
('DAL', '2017-02-09', 0, 0, 0, 60, 35, 7.6, 350, 11000, 10000),
('DAL', '2017-02-10', 0, 0, 0, 75, 43, 11, 180, 11000, 10000),
('DAL', '2017-02-11', 0, 0, 0, 86, 64, 9.6, 190, 10001, 10010),
('DAL', '2017-02-12', 0, 0, 0, 74, 60, 12.8, 20, 10001, 10010),
('DAL', '2017-02-13', 0.13, 0, 0, 67, 50, 11, 110, 10101, 10001),
('DAL', '2017-02-14', 1.12, 0, 0, 50, 42, 15.2, 310, 10101, 10001),
('DAL', '2017-02-15', 0, 0, 0, 59, 39, 9.6, 320, 11000, 10000),
('DAL', '2017-02-16', 0, 0, 0, 67, 36, 6.3, 160, 11000, 10000),
('DAL', '2017-02-17', 0, 0, 0, 70, 50, 10.5, 140, 11000, 10000),
('DAL', '2017-02-18', 0, 0, 0, 81, 58, 7.4, 170, 10001, 10000),
('DAL', '2017-02-19', 0, 0, 0, 75, 56, 11.9, 140, 10001, 11010),
('DAL', '2017-02-20', 0.97, 0, 0, 70, 56, 8.5, 290, 10101, 10001),
('DAL', '2017-02-21', 0, 0, 0, 75, 51, 9.2, 320, 10001, 11000),
('DAL', '2017-02-22', 0, 0, 0, 82, 46, 6.5, 180, 11000, 10000),
('DAL', '2017-02-23', 0, 0, 0, 86, 57, 11, 170, 11000, 10000),
('DAL', '2017-02-24', 0, 0, 0, 69, 48, 13.4, 320, 11000, 10000),
('DAL', '2017-02-25', 0, 0, 0, 55, 36, 6.9, 20, 11000, 10000),
('DAL', '2017-02-26', 0, 0, 0, 62, 35, 6.9, 170, 11000, 10000),
('DAL', '2017-02-27', 0, 0, 0, 80, 57, 6.5, 170, 10001, 10001),
('DAL', '2017-02-28', 0, 0, 0, 82, 67, 9.8, 180, 10001, 10010),
('DAL', '2017-03-01', 0, 0, 0, 72, 47, 13.2, 340, 10001, 10010),
('DAL', '2017-03-02', 0, 0, 0, 66, 40, 4.3, 140, 11000, 10000),
('DAL', '2017-03-03', 0, 0, 0, 70, 46, 6.9, 150, 11000, 10000),
('DAL', '2017-03-04', 0.04, 0, 0, 59, 51, 10.7, 150, 10100, 10000),
('DAL', '2017-03-05', 0.13, 0, 0, 65, 52, 10.5, 160, 10101, 10000),
('DAL', '2017-03-06', 0, 0, 0, 82, 65, 13, 180, 10001, 10000),
('DAL', '2017-03-07', 0.18, 0, 0, 72, 45, 11, 360, 10101, 10001),
('DAL', '2017-03-08', 0, 0, 0, 76, 42, 7.2, 150, 11000, 10000),
('DAL', '2017-03-09', 0, 0, 0, 78, 61, 8.3, 170, 11000, 10000),
('DAL', '2017-03-10', 0, 0, 0, 75, 60, 6.9, 120, 10001, 10010),
('DAL', '2017-03-11', 1.9, 0, 0, 76, 47, 10.1, 40, 10101, 10001),
('DAL', '2017-03-12', 0, 0, 0, 52, 42, 8.7, 50, 11000, 10000),
('DAL', '2017-03-13', 0.15, 0, 0, 65, 44, 10.7, 330, 10101, 10010),
('DAL', '2017-03-14', 0, 0, 0, 63, 36, 5.1, 100, 11000, 10000),
('DAL', '2017-03-15', 0, 0, 0, 65, 46, 9.2, 130, 11000, 10000),
('DAL', '2017-03-16', 0, 0, 0, 74, 52, 11.2, 160, 10001, 10000),
('DAL', '2017-03-17', 0, 0, 0, 77, 66, 9.8, 170, 11000, 10000),
('DAL', '2017-03-18', 0, 0, 0, 82, 63, 6.9, 150, 11000, 10000),
('DAL', '2017-03-19', 0, 0, 0, 83, 64, 8.5, 160, 10001, 10000),
('LAX', '2017-01-01', 0, 0, 0, 58, 43, 4.9, 250, 10001, 10000),
('LAX', '2017-01-02', 0, 0, 0, 56, 50, 5.4, 130, 11000, 10000),
('LAX', '2017-01-03', 0, 0, 0, 59, 48, 3.6, 290, 11000, 10000),
('LAX', '2017-01-04', 0.04, 0, 0, 61, 49, 5.1, 260, 10101, 10000),
('LAX', '2017-01-05', 0.44, 0, 0, 62, 54, 8.5, 240, 10101, 10000),
('LAX', '2017-01-06', 0, 0, 0, 65, 50, 5.1, 260, 10001, 10000),
('LAX', '2017-01-07', 0.03, 0, 0, 70, 52, 4.7, 30, 10100, 10000),
('LAX', '2017-01-08', 0, 0, 0, 76, 54, 4, 280, 11000, 10000),
('LAX', '2017-01-09', 0.87, 0, 0, 62, 54, 7.6, 90, 10101, 10001),
('LAX', '2017-01-10', 0.09, 0, 0, 59, 51, 7.6, 230, 10101, 10000),
('LAX', '2017-01-11', 0.18, 0, 0, 62, 56, 11.2, 200, 10101, 10000),
('LAX', '2017-01-12', 0.71, 0, 0, 58, 53, 6, 280, 10101, 10010),
('LAX', '2017-01-13', 0, 0, 0, 59, 47, 4.9, 280, 10001, 10000),
('LAX', '2017-01-14', 0, 0, 0, 69, 47, 4.7, 210, 10001, 10010),
('LAX', '2017-01-15', 0, 0, 0, 63, 52, 7.6, 160, 10001, 10000),
('LAX', '2017-01-16', 0, 0, 0, 61, 52, 6.7, 270, 11000, 10000),
('LAX', '2017-01-17', 0, 0, 0, 65, 46, 6.7, 260, 10001, 10000),
('LAX', '2017-01-18', 0.06, 0, 0, 59, 48, 8.1, 260, 10100, 10010),
('LAX', '2017-01-19', 0.58, 0, 0, 61, 53, 13.9, 260, 10101, 10000),
('LAX', '2017-01-20', 1.35, 0, 0, 59, 52, 17.2, 270, 10101, 11010),
('LAX', '2017-01-21', 0, 0, 0, 59, 48, 12.3, 280, 11000, 10000),
('LAX', '2017-01-22', 2.94, 0, 0, 57, 50, 11.4, 80, 10101, 10000),
('LAX', '2017-01-23', 0.15, 0, 0, 56, 47, 14.5, 270, 10101, 10001),
('LAX', '2017-01-24', 0, 0, 0, 55, 40, 5.1, 270, 11000, 10000),
('LAX', '2017-01-25', 0, 0, 0, 58, 42, 6.3, 250, 11000, 10000),
('LAX', '2017-01-26', 0, 0, 0, 62, 42, 5.8, 260, 10000, 10010),
('LAX', '2017-01-27', 0, 0, 0, 61, 44, 5.6, 220, 11000, 10000),
('LAX', '2017-01-28', 0, 0, 0, 70, 41, 4, 270, 10000, 10010),
('LAX', '2017-01-29', 0, 0, 0, 76, 46, 3.8, 260, 11000, 10000),
('LAX', '2017-01-30', 0, 0, 0, 76, 51, 5.8, 270, 11000, 10000),
('LAX', '2017-01-31', 0, 0, 0, 71, 50, 4.9, 240, 11000, 10000),
('LAX', '2017-02-01', 0, 0, 0, 68, 47, 5.6, 270, 10001, 11010),
('LAX', '2017-02-02', 0, 0, 0, 64, 50, 6, 250, 10001, 10000),
('LAX', '2017-02-03', 0.33, 0, 0, 61, 54, 5.1, 100, 10101, 10000),
('LAX', '2017-02-04', 0, 0, 0, 61, 54, 8.5, 270, 10001, 11000),
('LAX', '2017-02-05', 0, 0, 0, 59, 55, 4.9, 110, 10001, 10010),
('LAX', '2017-02-06', 0.97, 0, 0, 60, 53, 8.5, 90, 10101, 10000),
('LAX', '2017-02-07', 0.39, 0, 0, 62, 58, 7.6, 260, 10101, 10000),
('LAX', '2017-02-08', 0.03, 0, 0, 66, 58, 4.9, 260, 10101, 11010),
('LAX', '2017-02-09', 0, 0, 0, 64, 56, 6.7, 250, 10001, 11000),
('LAX', '2017-02-10', 0.26, 0, 0, 63, 56, 4.5, 280, 10101, 10010),
('LAX', '2017-02-11', 0.03, 0, 0, 61, 54, 8.3, 260, 10101, 10000),
('LAX', '2017-02-12', 0, 0, 0, 70, 49, 4.3, 250, 11000, 10000),
('LAX', '2017-02-13', 0, 0, 0, 72, 50, 4.9, 230, 11000, 10000),
('LAX', '2017-02-14', 0, 0, 0, 69, 54, 6, 260, 10001, 10010),
('LAX', '2017-02-15', 0, 0, 0, 70, 52, 5.8, 260, 10001, 11000),
('LAX', '2017-02-16', 0, 0, 0, 64, 54, 5.6, 260, 10001, 11010),
('LAX', '2017-02-17', 1.58, 0, 0, 59, 53, 15.2, 120, 10101, 10000),
('LAX', '2017-02-18', 0.27, 0, 0, 59, 52, 8.5, 260, 10101, 10000),
('LAX', '2017-02-19', 0.03, 0, 0, 59, 50, 5.8, 240, 10101, 10000),
('LAX', '2017-02-20', 0.07, 0, 0, 61, 53, 6.7, 110, 10101, 10010),
('LAX', '2017-02-21', 0.01, 0, 0, 64, 57, 5.6, 280, 10101, 10000),
('LAX', '2017-02-22', 0, 0, 0, 61, 52, 10.5, 270, 10001, 10000),
('LAX', '2017-02-23', 0, 0, 0, 60, 48, 12.8, 270, 11000, 10000),
('LAX', '2017-02-24', 0, 0, 0, 61, 44, 7.6, 270, 11000, 10000),
('LAX', '2017-02-25', 0, 0, 0, 60, 43, 7.8, 260, 11000, 10000),
('LAX', '2017-02-26', 0.07, 0, 0, 56, 48, 8.1, 110, 10101, 10000),
('LAX', '2017-02-27', 0, 0, 0, 57, 48, 6.5, 260, 11000, 10000),
('LAX', '2017-02-28', 0, 0, 0, 61, 49, 8.3, 360, 10000, 10010),
('LAX', '2017-03-01', 0, 0, 0, 72, 46, 6.9, 290, 10000, 10010),
('LAX', '2017-03-02', 0, 0, 0, 77, 47, 4.7, 280, 10000, 10010),
('LAX', '2017-03-03', 0, 0, 0, 79, 52, 6, 260, 11000, 10000),
('LAX', '2017-03-04', 0, 0, 0, 67, 50, 5.1, 240, 11000, 10000),
('LAX', '2017-03-05', 0.02, 0, 0, 60, 51, 12.3, 260, 10101, 10010),
('LAX', '2017-03-06', 0, 0, 0, 63, 48, 10.7, 260, 11000, 10000),
('LAX', '2017-03-07', 0, 0, 0, 71, 47, 7.8, 260, 10000, 10010),
('LAX', '2017-03-08', 0, 0, 0, 79, 52, 6, 270, 11000, 10000),
('LAX', '2017-03-09', 0, 0, 0, 76, 53, 5.8, 260, 11000, 10000),
('LAX', '2017-03-10', 0, 0, 0, 74, 55, 5.6, 260, 10000, 10010),
('LAX', '2017-03-11', 0, 0, 0, 73, 54, 4.3, 270, 10001, 10000),
('LAX', '2017-03-12', 0, 0, 0, 68, 53, 6, 260, 10001, 11010),
('LAX', '2017-03-13', 0, 0, 0, 67, 54, 4.9, 280, 10001, 11010),
('LAX', '2017-03-14', 0, 0, 0, 67, 50, 6, 260, 10001, 11010),
('LAX', '2017-03-15', 0, 0, 0, 70, 54, 6.7, 260, 10001, 11010),
('LAX', '2017-03-16', 0, 0, 0, 69, 54, 6.5, 270, 10001, 10000),
('LAX', '2017-03-17', 0, 0, 0, 65, 54, 5.8, 270, 10001, 11000),
('LAX', '2017-03-18', 0, 0, 0, 67, 56, 6.7, 270, 10001, 10010),
('LAX', '2017-03-19', 0, 0, 0, 66, 55, 6.9, 260, 10001, 10010),
('NYC', '2017-01-01', 0, 0, 0, 52, 34, 9.8, 290, 11000, 10000),
('NYC', '2017-01-02', 0.31, 0, 0, 43, 34, 10.1, 50, 10101, 10110),
('NYC', '2017-01-03', 0.46, 0, 0, 46, 41, 13.4, 60, 10101, 10000),
('NYC', '2017-01-04', 0, 0, 0, 55, 35, 17.7, 290, 11000, 10000),
('NYC', '2017-01-05', 0, 0, 0, 35, 28, 17.7, 260, 11000, 10000),
('NYC', '2017-01-06', 0.03, 1.2, 1.1, 36, 27, 8.7, 330, 10010, 10000),
('NYC', '2017-01-07', 0.22, 0, 8.2, 27, 21, 16.1, 340, 10011, 10010),
('NYC', '2017-01-08', 0, 7.9, 0, 26, 18, 18.3, 320, 11000, 10000),
('NYC', '2017-01-09', 0, 7.1, 0, 24, 13, 11.2, 240, 11000, 10000),
('NYC', '2017-01-10', 0, 5.9, 0, 47, 20, 7.8, 170, 11000, 10000),
('NYC', '2017-01-11', 0.46, 1.2, 0, 51, 41, 11.6, 210, 10101, 10000),
('NYC', '2017-01-12', 0.1, 1.2, 0, 61, 46, 11.4, 230, 10101, 10000),
('NYC', '2017-01-13', 0, 0, 0, 58, 34, 16.8, 320, 11000, 10000),
('NYC', '2017-01-14', 0.15, 0, 1.8, 34, 28, 5.8, 10, 10011, 10010),
('NYC', '2017-01-15', 0, 2, 0, 41, 30, 8.3, 360, 11000, 10000),
('NYC', '2017-01-16', 0, 0, 0, 42, 28, 6.7, 240, 11000, 10000),
('NYC', '2017-01-17', 0.59, 0, 0, 43, 39, 7.4, 240, 10101, 10010),
('NYC', '2017-01-18', 0.09, 0, 0, 42, 40, 10.7, 20, 10101, 10000),
('NYC', '2017-01-19', 0, 0, 0, 54, 37, 8.5, 320, 11000, 10000),
('NYC', '2017-01-20', 0.08, 0, 0, 46, 42, 5.6, 40, 10101, 10000),
('NYC', '2017-01-21', 0, 0, 0, 47, 42, 8.5, 250, 10001, 11000),
('NYC', '2017-01-22', 0.01, 0, 0, 54, 43, 8.9, 60, 10101, 11010),
('NYC', '2017-01-23', 0.84, 0, 0, 47, 38, 25.1, 50, 10101, 10000),
('NYC', '2017-01-24', 1.22, 0, 0, 40, 38, 21.7, 40, 10101, 10000),
('NYC', '2017-01-25', 0, 0, 0, 51, 37, 14.8, 310, 11000, 10000),
('NYC', '2017-01-26', 0.03, 0, 0, 55, 42, 14.8, 290, 10101, 10000),
('NYC', '2017-01-27', 0, 0, 0, 46, 36, 20.8, 260, 11000, 10000),
('NYC', '2017-01-28', 0, 0, 0, 40, 34, 17.7, 250, 11000, 10000),
('NYC', '2017-01-29', 0, 0, 0, 46, 30, 11.6, 270, 11000, 10000),
('NYC', '2017-01-30', 0, 0, 0, 39, 30, 12.5, 310, 11000, 10000),
('NYC', '2017-01-31', 0.05, 0, 0.6, 32, 26, 6.3, 90, 10011, 10000),
('NYC', '2017-02-01', 0, 0, 0, 48, 27, 12.5, 270, 10001, 10000),
('NYC', '2017-02-02', 0, 0, 0, 47, 32, 11.9, 290, 11000, 10000),
('NYC', '2017-02-03', 0, 0, 0, 34, 26, 13.2, 310, 11000, 10000),
('NYC', '2017-02-04', 0, 0, 0, 35, 23, 15, 320, 11000, 10000),
('NYC', '2017-02-05', 0, 0, 0, 42, 30, 13, 210, 11000, 10000),
('NYC', '2017-02-06', 0, 0, 0, 48, 36, 10.7, 300, 11000, 10000),
('NYC', '2017-02-07', 0.1, 0, 0, 44, 35, 6.9, 30, 10101, 10010),
('NYC', '2017-02-08', 0, 0, 0, 65, 39, 8.7, 360, 10001, 10010),
('NYC', '2017-02-09', 0.74, 1.2, 8.3, 44, 19, 23, 310, 10011, 10110),
('NYC', '2017-02-10', 0, 7.9, 0, 31, 20, 16.1, 270, 11000, 10000),
('NYC', '2017-02-11', 0, 5.9, 0, 45, 30, 6.9, 210, 11000, 10000),
('NYC', '2017-02-12', 0.4, 5.1, 0.1, 37, 32, 10.7, 60, 10011, 10100),
('NYC', '2017-02-13', 0, 3.9, 0, 39, 31, 25.7, 300, 11000, 10000),
('NYC', '2017-02-14', 0, 3.1, 0, 38, 28, 11.4, 310, 11000, 10000),
('NYC', '2017-02-15', 0, 2, 0, 46, 31, 10.7, 300, 11000, 10000),
('NYC', '2017-02-16', 0, 0, 0, 39, 29, 22.1, 320, 11000, 10000),
('NYC', '2017-02-17', 0, 0, 0, 44, 27, 14.5, 320, 11000, 10000),
('NYC', '2017-02-18', 0, 0, 0, 53, 30, 7.2, 220, 11000, 10000),
('NYC', '2017-02-19', 0, 0, 0, 68, 46, 11.4, 290, 11000, 10000),
('NYC', '2017-02-20', 0, 0, 0, 56, 38, 13.2, 40, 11000, 10000),
('NYC', '2017-02-21', 0, 0, 0, 45, 31, 8.5, 210, 11000, 10000),
('NYC', '2017-02-22', 0, 0, 0, 51, 39, 5.8, 170, 11000, 10000),
('NYC', '2017-02-23', 0, 0, 0, 57, 38, 5.4, 200, 10001, 11000),
('NYC', '2017-02-24', 0, 0, 0, 62, 45, 11.2, 180, 10001, 11000),
('NYC', '2017-02-25', 0.34, 0, 0, 63, 47, 11.9, 320, 10101, 11011),
('NYC', '2017-02-26', 0, 0, 0, 47, 37, 18.6, 310, 11000, 10000),
('NYC', '2017-02-27', 0, 0, 0, 52, 32, 12.3, 190, 11000, 10000),
('NYC', '2017-02-28', 0, 0, 0, 58, 43, 6.3, 150, 10001, 11000),
('NYC', '2017-03-01', 0.01, 0, 0, 61, 48, 11.6, 190, 10101, 11000),
('NYC', '2017-03-02', 0, 0, 0, 62, 37, 25.5, 280, 11000, 10000),
('NYC', '2017-03-03', 0, 0, 0, 42, 25, 18.3, 300, 11000, 10000),
('NYC', '2017-03-04', 0, 0, 0, 34, 18, 20.8, 300, 11000, 10000),
('NYC', '2017-03-05', 0, 0, 0, 38, 16, 13.6, 330, 11000, 10000),
('NYC', '2017-03-06', 0, 0, 0, 42, 22, 8.1, 190, 10000, 10010),
('NYC', '2017-03-07', 0.11, 0, 0, 50, 42, 10.5, 190, 10101, 10000),
('NYC', '2017-03-08', 0.05, 0, 0, 61, 46, 16.6, 290, 10101, 10000),
('NYC', '2017-03-09', 0, 0, 0, 64, 46, 19.5, 270, 11000, 10000),
('NYC', '2017-03-10', 0.26, 0, 2.4, 49, 24, 17.4, 310, 10011, 10010),
('NYC', '2017-03-11', 0, 2, 0, 29, 18, 18.6, 310, 11000, 10000),
('NYC', '2017-03-12', 0, 1.2, 0, 32, 20, 18.3, 310, 11000, 10000),
('NYC', '2017-03-13', 0, 0, 0, 34, 20, 9.2, 310, 11000, 10000),
('NYC', '2017-03-14', 1.94, 3.9, 5.1, 36, 23, 24.6, 40, 10011, 10100),
('NYC', '2017-03-15', 0, 3.9, 0, 28, 22, 21.3, 290, 11000, 10000),
('NYC', '2017-03-16', 0, 3.9, 0, 40, 25, 17.2, 290, 11000, 10000),
('NYC', '2017-03-17', 0, 3.1, 0, 45, 30, 13.2, 240, 11000, 10000),
('NYC', '2017-03-18', 0.07, 2, 0, 40, 28, 11, 40, 10101, 10010),
('NYC', '2017-03-19', 0, 1.2, 0, 48, 35, 14.5, 20, 11000, 10000),
('PHI', '2017-01-01', 0, 0, 0, 51, 33, 8.7, 230, 11000, 10000),
('PHI', '2017-01-02', 0.4, 0, 0, 43, 32, 9.2, 40, 10101, 10000),
('PHI', '2017-01-03', 0.32, 0, 0, 48, 41, 9.8, 40, 10101, 10000),
('PHI', '2017-01-04', 0.01, 0, 0, 54, 35, 14.3, 290, 10101, 10000),
('PHI', '2017-01-05', 0.02, 0, 0.9, 35, 28, 9.6, 290, 10011, 10010),
('PHI', '2017-01-06', 0.06, 2, 1, 32, 26, 9.4, 330, 10011, 10000),
('PHI', '2017-01-07', 0.14, 2, 3, 26, 20, 13, 320, 10011, 10000),
('PHI', '2017-01-08', 0, 2, 0, 24, 15, 14.8, 300, 11000, 10000),
('PHI', '2017-01-09', 0, 2, 0, 23, 12, 7.4, 190, 11000, 10000),
('PHI', '2017-01-10', 0, 1.2, 0, 42, 14, 7.6, 210, 11000, 10000),
('PHI', '2017-01-11', 0.37, 0, 0, 54, 40, 8.3, 220, 10101, 10000),
('PHI', '2017-01-12', 0.05, 0, 0, 67, 49, 15, 220, 10101, 10010),
('PHI', '2017-01-13', 0, 0, 0, 61, 35, 13, 320, 11000, 10000),
('PHI', '2017-01-14', 0.01, 0, 0, 36, 30, 4, 50, 10100, 10100),
('PHI', '2017-01-15', 0, 0, 0, 41, 31, 8.1, 340, 10000, 10010),
('PHI', '2017-01-16', 0, 0, 0, 42, 26, 4.7, 230, 11000, 10000),
('PHI', '2017-01-17', 0.15, 0, 0, 45, 38, 3.1, 120, 10101, 10010),
('PHI', '2017-01-18', 0.22, 0, 0, 49, 41, 6.9, 360, 10101, 10000),
('PHI', '2017-01-19', 0, 0, 0, 49, 37, 6, 310, 11000, 10000),
('PHI', '2017-01-20', 0.16, 0, 0, 43, 32, 1.3, 90, 10101, 10000),
('PHI', '2017-01-21', 0, 0, 0, 47, 42, 3.4, 230, 10001, 11000),
('PHI', '2017-01-22', 0.17, 0, 0, 50, 45, 8.1, 70, 10101, 11000),
('PHI', '2017-01-23', 0.6, 0, 0, 46, 38, 22.4, 40, 10101, 10010),
('PHI', '2017-01-24', 0.17, 0, 0, 46, 37, 17.4, 310, 10101, 10010),
('PHI', '2017-01-25', 0, 0, 0, 54, 41, 10.5, 310, 11000, 10000),
('PHI', '2017-01-26', 0.04, 0, 0, 55, 42, 12.8, 280, 10101, 10000),
('PHI', '2017-01-27', 0, 0, 0, 44, 35, 18.3, 270, 11000, 10000),
('PHI', '2017-01-28', 0, 0, 0, 41, 31, 11.6, 250, 11000, 10000),
('PHI', '2017-01-29', 0, 0, 0, 44, 31, 7.8, 290, 11000, 10000),
('PHI', '2017-01-30', 0.02, 0, 0.8, 39, 27, 9.2, 310, 10011, 11000),
('PHI', '2017-01-31', 0, 0, 0, 43, 26, 5.6, 250, 11000, 10000),
('PHI', '2017-02-01', 0, 0, 0, 50, 40, 12.5, 280, 11000, 10000),
('PHI', '2017-02-02', 0, 0, 0, 48, 34, 10.7, 260, 11000, 10000),
('PHI', '2017-02-03', 0, 0, 0, 35, 28, 11.9, 300, 11000, 10000),
('PHI', '2017-02-04', 0, 0, 0, 36, 22, 11.6, 340, 11000, 10000),
('PHI', '2017-02-05', 0, 0, 0, 44, 29, 10.1, 240, 11000, 10000),
('PHI', '2017-02-06', 0, 0, 0, 54, 36, 8.5, 270, 11000, 10000),
('PHI', '2017-02-07', 0.04, 0, 0, 62, 39, 5.8, 210, 10101, 10010),
('PHI', '2017-02-08', 0, 0, 0, 66, 47, 11.9, 210, 11000, 10000),
('PHI', '2017-02-09', 0.54, 0, 2, 48, 24, 20.1, 320, 10011, 10100),
('PHI', '2017-02-10', 0, 0, 0, 34, 22, 12.1, 260, 11000, 10000),
('PHI', '2017-02-11', 0, 0, 0, 56, 30, 4.7, 230, 11000, 10000),
('PHI', '2017-02-12', 0.21, 0, 0, 45, 35, 10.5, 300, 10101, 10000),
('PHI', '2017-02-13', 0, 0, 0, 42, 32, 21.9, 320, 11000, 10000),
('PHI', '2017-02-14', 0, 0, 0, 47, 28, 8.5, 220, 11000, 10000),
('PHI', '2017-02-15', 0, 0, 0, 53, 32, 11.2, 310, 11000, 10000),
('PHI', '2017-02-16', 0, 0, 0, 39, 31, 15.9, 310, 11000, 10000),
('PHI', '2017-02-17', 0, 0, 0, 45, 26, 7.8, 260, 11000, 10000),
('PHI', '2017-02-18', 0, 0, 0, 68, 29, 7.6, 230, 11000, 10000),
('PHI', '2017-02-19', 0, 0, 0, 70, 49, 8.9, 280, 11000, 10000),
('PHI', '2017-02-20', 0, 0, 0, 58, 41, 11.2, 350, 11000, 10000),
('PHI', '2017-02-21', 0, 0, 0, 52, 34, 6.9, 190, 11000, 10000),
('PHI', '2017-02-22', 0, 0, 0, 58, 41, 4.3, 220, 11000, 10000),
('PHI', '2017-02-23', 0, 0, 0, 73, 44, 5.8, 210, 10001, 11000),
('PHI', '2017-02-24', 0, 0, 0, 74, 50, 8.9, 180, 11000, 10000),
('PHI', '2017-02-25', 0.33, 0, 0, 73, 46, 11.6, 290, 10101, 10001),
('PHI', '2017-02-26', 0, 0, 0, 46, 34, 15, 300, 11000, 10000),
('PHI', '2017-02-27', 0, 0, 0, 54, 31, 6.5, 200, 11000, 10000),
('PHI', '2017-02-28', 0.18, 0, 0, 68, 42, 5.4, 180, 10101, 10000),
('PHI', '2017-03-01', 0.03, 0, 0, 74, 56, 15.2, 230, 10101, 10000),
('PHI', '2017-03-02', 0, 0, 0, 62, 38, 22.8, 270, 11000, 10000),
('PHI', '2017-03-03', 0, 0, 0, 40, 29, 13.9, 280, 11000, 10000),
('PHI', '2017-03-04', 0, 0, 0, 36, 21, 15, 320, 11000, 10000),
('PHI', '2017-03-05', 0, 0, 0, 38, 15, 10.5, 340, 11000, 10000),
('PHI', '2017-03-06', 0, 0, 0, 51, 26, 5.1, 210, 11000, 10000),
('PHI', '2017-03-07', 0.02, 0, 0, 67, 42, 8.7, 230, 10100, 10000),
('PHI', '2017-03-08', 0.01, 0, 0, 64, 49, 17, 270, 10100, 10000),
('PHI', '2017-03-09', 0, 0, 0, 68, 48, 16.3, 250, 11000, 10000),
('PHI', '2017-03-10', 0.3, 0, 1, 50, 28, 15, 290, 10011, 11000),
('PHI', '2017-03-11', 0, 0, 0, 32, 20, 17, 290, 11000, 10000),
('PHI', '2017-03-12', 0, 0, 0, 33, 23, 11.6, 330, 11000, 10000),
('PHI', '2017-03-13', 0.13, 0, 1.2, 42, 22, 7.2, 30, 10011, 10000),
('PHI', '2017-03-14', 1.54, 3.1, 4.8, 35, 24, 22.6, 20, 10011, 10100),
('PHI', '2017-03-15', 0, 2, 0, 31, 21, 17.9, 280, 11000, 10000),
('PHI', '2017-03-16', 0, 2, 0, 39, 24, 15.7, 290, 11000, 10000),
('PHI', '2017-03-17', 0, 2, 0, 45, 27, 8.3, 270, 11000, 10000),
('PHI', '2017-03-18', 0.01, 0, 0, 42, 36, 9.6, 40, 10101, 10000),
('PHI', '2017-03-19', 0, 0, 0, 50, 35, 13, 40, 11000, 10000),
('PIT', '2017-01-01', 0.01, 0, 0, 44, 30, 4.5, 280, 10101, 10000),
('PIT', '2017-01-02', 0.1, 0, 0, 47, 36, 6.9, 110, 10101, 11000),
('PIT', '2017-01-03', 0.98, 0, 0, 49, 42, 6.9, 300, 10101, 11000),
('PIT', '2017-01-04', 0, 0, 0, 43, 22, 16.8, 270, 10001, 10000),
('PIT', '2017-01-05', 0.09, 0, 1.7, 22, 17, 8.5, 280, 10011, 10010),
('PIT', '2017-01-06', 0, 2, 0.2, 17, 5, 6.3, 300, 10010, 10010),
('PIT', '2017-01-07', 0, 1.2, 0, 17, 5, 8.1, 280, 11000, 10000),
('PIT', '2017-01-08', 0, 1.2, 0, 16, 6, 11, 280, 11000, 10000),
('PIT', '2017-01-09', 0, 1.2, 0, 28, 4, 6.3, 210, 11000, 10000),
('PIT', '2017-01-10', 0.16, 1.2, 0.5, 50, 23, 11.9, 200, 10011, 10000),
('PIT', '2017-01-11', 0.16, 0, 0, 58, 38, 10.7, 210, 10101, 10000),
('PIT', '2017-01-12', 0.4, 0, 0, 66, 36, 15.4, 210, 10101, 10011),
('PIT', '2017-01-13', 0, 0, 0, 36, 28, 9.2, 340, 11000, 10000),
('PIT', '2017-01-14', 0.01, 0, 0, 35, 27, 4, 50, 10100, 10100),
('PIT', '2017-01-15', 0, 0, 0, 34, 23, 2.2, 330, 11000, 10000),
('PIT', '2017-01-16', 0, 0, 0, 38, 23, 1.3, 50, 10001, 10010),
('PIT', '2017-01-17', 0.05, 0, 0, 62, 37, 8.1, 280, 10101, 10000),
('PIT', '2017-01-18', 0.01, 0, 0, 50, 38, 9.6, 290, 10101, 10000),
('PIT', '2017-01-19', 0, 0, 0, 42, 31, 4.3, 240, 10001, 10000),
('PIT', '2017-01-20', 0.22, 0, 0, 56, 32, 4.5, 220, 10101, 10000),
('PIT', '2017-01-21', 0.01, 0, 0, 64, 38, 4, 210, 10101, 11000),
('PIT', '2017-01-22', 0.01, 0, 0, 62, 47, 5.6, 110, 10101, 10000),
('PIT', '2017-01-23', 0.77, 0, 0.3, 50, 33, 11, 60, 10011, 10000),
('PIT', '2017-01-24', 0.03, 0, 0, 40, 36, 9.6, 310, 10101, 10000),
('PIT', '2017-01-25', 0.04, 0, 0, 52, 37, 7.8, 280, 10101, 10000),
('PIT', '2017-01-26', 0.15, 0, 0, 51, 32, 13.2, 240, 10101, 10000),
('PIT', '2017-01-27', 0.06, 0, 1.3, 32, 28, 11.4, 270, 10011, 10000),
('PIT', '2017-01-28', 0.03, 1.2, 0.3, 33, 27, 12.3, 290, 10010, 10000),
('PIT', '2017-01-29', 0.03, 1.2, 0.3, 32, 27, 8.1, 260, 10011, 10000),
('PIT', '2017-01-30', 0.06, 1.2, 1.4, 28, 22, 10.1, 300, 10011, 10000),
('PIT', '2017-01-31', 0.16, 1.2, 1.5, 39, 23, 11.9, 250, 10011, 10000),
('PIT', '2017-02-01', 0.02, 0, 0, 38, 34, 9.2, 290, 10101, 10000),
('PIT', '2017-02-02', 0.01, 0, 0.3, 34, 22, 10.5, 310, 10011, 10000),
('PIT', '2017-02-03', 0, 0, 0, 26, 18, 9.8, 290, 11000, 10000),
('PIT', '2017-02-04', 0, 0, 0, 31, 13, 7.6, 230, 11000, 10000),
('PIT', '2017-02-05', 0, 0, 0, 45, 25, 10.1, 230, 11000, 10000),
('PIT', '2017-02-06', 0.06, 0, 0, 54, 25, 4.9, 210, 10101, 10000),
('PIT', '2017-02-07', 0.45, 0, 0, 63, 41, 11.4, 210, 10101, 10000),
('PIT', '2017-02-08', 0.27, 0, 3.2, 56, 29, 11.6, 350, 10011, 10000),
('PIT', '2017-02-09', 0.09, 3.1, 2, 29, 18, 15.2, 300, 10011, 10000),
('PIT', '2017-02-10', 0, 3.1, 0, 31, 14, 8.1, 290, 11000, 10000),
('PIT', '2017-02-11', 0, 0, 0, 57, 30, 5.8, 230, 11000, 10000),
('PIT', '2017-02-12', 0.22, 0, 0, 57, 35, 15, 300, 10101, 11000),
('PIT', '2017-02-13', 0.01, 0, 0.2, 39, 26, 13.9, 290, 10011, 10000),
('PIT', '2017-02-14', 0, 0, 0, 50, 25, 8.7, 230, 11000, 10000),
('PIT', '2017-02-15', 0.03, 0, 0.8, 43, 26, 14.5, 300, 10011, 10000),
('PIT', '2017-02-16', 0, 0, 0.2, 28, 18, 10.7, 290, 10010, 10000),
('PIT', '2017-02-17', 0, 0, 0, 53, 18, 4, 160, 11000, 10000),
('PIT', '2017-02-18', 0, 0, 0, 68, 43, 10.1, 240, 11000, 10000),
('PIT', '2017-02-19', 0, 0, 0, 65, 44, 8.5, 300, 10001, 10010),
('PIT', '2017-02-20', 0, 0, 0, 61, 34, 1.8, 110, 10001, 11000),
('PIT', '2017-02-21', 0, 0, 0, 65, 45, 5.8, 210, 11000, 10000),
('PIT', '2017-02-22', 0, 0, 0, 66, 51, 4.7, 190, 11000, 10000),
('PIT', '2017-02-23', 0, 0, 0, 69, 54, 6.5, 240, 11000, 10000),
('PIT', '2017-02-24', 0, 0, 0, 76, 55, 9.2, 210, 11000, 10000),
('PIT', '2017-02-25', 0.3, 0, 0, 66, 28, 15, 270, 10101, 10000),
('PIT', '2017-02-26', 0, 0, 0, 39, 26, 9.2, 290, 11000, 10000),
('PIT', '2017-02-27', 0, 0, 0, 46, 32, 5.8, 200, 10001, 10000),
('PIT', '2017-02-28', 0, 0, 0, 57, 35, 6.9, 200, 10001, 10000),
('PIT', '2017-03-01', 1.13, 0, 0, 61, 39, 16.1, 270, 10101, 10001),
('PIT', '2017-03-02', 0.02, 0, 0.3, 41, 28, 16.1, 290, 10011, 10100),
('PIT', '2017-03-03', 0, 0, 0, 32, 20, 13.4, 330, 10001, 10000),
('PIT', '2017-03-04', 0, 0, 0, 33, 18, 7.2, 300, 11000, 10000),
('PIT', '2017-03-05', 0, 0, 0, 47, 16, 6.9, 120, 11000, 10000),
('PIT', '2017-03-06', 0.33, 0, 0, 56, 38, 6.9, 210, 10101, 10000),
('PIT', '2017-03-07', 0.44, 0, 0, 60, 41, 10.5, 220, 10101, 10000),
('PIT', '2017-03-08', 0, 0, 0, 56, 39, 15.2, 240, 11000, 10000),
('PIT', '2017-03-09', 0.1, 0, 0.7, 58, 33, 10.5, 20, 10011, 10000),
('PIT', '2017-03-10', 0.25, 3.1, 3.2, 33, 21, 14.5, 310, 10011, 10000),
('PIT', '2017-03-11', 0, 1.2, 0, 26, 15, 12.3, 310, 11000, 10000),
('PIT', '2017-03-12', 0, 1.2, 0, 28, 15, 5.6, 310, 11000, 10000),
('PIT', '2017-03-13', 0, 0, 0, 41, 19, 9.2, 110, 11000, 10000),
('PIT', '2017-03-14', 0.06, 0, 1.2, 34, 16, 17, 320, 10011, 10010),
('PIT', '2017-03-15', 0.1, 1.2, 1.8, 26, 15, 18.8, 300, 10011, 10000),
('PIT', '2017-03-16', 0, 1.2, 0, 36, 22, 12.3, 300, 11000, 10000),
('PIT', '2017-03-17', 0.19, 0, 2.5, 41, 19, 4.5, 210, 10011, 11000),
('PIT', '2017-03-18', 0.07, 2, 0, 45, 32, 7.6, 290, 10101, 11000),
('PIT', '2017-03-19', 0, 0, 0, 40, 34, 6.3, 330, 11000, 10000);

-- --------------------------------------------------------

--
-- Table structure for table `wt`
--

CREATE TABLE `wt` (
  `wtID` int(5) NOT NULL,
  `wtType` varchar(100) NOT NULL,
  `sunny` varchar(20) NOT NULL,
  `rain` varchar(20) NOT NULL,
  `snow` varchar(20) NOT NULL,
  `fog` varchar(20) NOT NULL
) ENGINE=InnoDB DEFAULT CHARSET=utf8;

--
-- Dumping data for table `wt`
--

INSERT INTO `wt` (`wtID`, `wtType`, `sunny`, `rain`, `snow`, `fog`) VALUES
(10000, 'Extreme Weather Only', 'notSunny', 'notRain', 'notSnow', 'notFog'),
(10001, 'Fog', 'notSunny', 'notRain', 'notSnow', 'Fog'),
(10010, 'Snow', 'notSunny', 'notRain', 'Snow', 'notFog'),
(10011, 'Snow, Fog', 'notSunny', 'notRain', 'Snow', 'Fog'),
(10100, 'Rain', 'notSunny', 'Rain', 'notSnow', 'notFog'),
(10101, 'Rain, Fog', 'notSunny', 'Rain', 'notSnow', 'Fog'),
(10110, 'Rain, Snow', 'notSunny', 'Rain', 'Snow', 'notFog'),
(10111, 'Rain, Snow, Fog', 'notSunny', 'Rain', 'Snow', 'Fog'),
(11000, 'Sunny', 'Sunny', 'notRain', 'notSnow', 'notFog');

--
-- Indexes for dumped tables
--

--
-- Indexes for table `analyst`
--
ALTER TABLE `analyst`
  ADD PRIMARY KEY (`aID`);

--
-- Indexes for table `city`
--
ALTER TABLE `city`
  ADD PRIMARY KEY (`cityID`),
  ADD UNIQUE KEY `cityName` (`cityName`),
  ADD KEY `cityTOemployee` (`mID`);

--
-- Indexes for table `comment`
--
ALTER TABLE `comment`
  ADD PRIMARY KEY (`userName`,`cityID`,`dateID`),
  ADD KEY `commentTOweather` (`cityID`,`dateID`);

--
-- Indexes for table `employee`
--
ALTER TABLE `employee`
  ADD PRIMARY KEY (`eID`),
  ADD UNIQUE KEY `email` (`email`);

--
-- Indexes for table `exwt`
--
ALTER TABLE `exwt`
  ADD PRIMARY KEY (`exwtID`),
  ADD UNIQUE KEY `exwtType` (`exwtType`);

--
-- Indexes for table `manager`
--
ALTER TABLE `manager`
  ADD PRIMARY KEY (`mID`),
  ADD UNIQUE KEY `phone` (`phone`);

--
-- Indexes for table `observer`
--
ALTER TABLE `observer`
  ADD PRIMARY KEY (`oID`),
  ADD UNIQUE KEY `nickName` (`nickName`);

--
-- Indexes for table `owRelation`
--
ALTER TABLE `owRelation`
  ADD PRIMARY KEY (`cityID`),
  ADD KEY `owRelationTOobserver` (`oID`);

--
-- Indexes for table `price`
--
ALTER TABLE `price`
  ADD PRIMARY KEY (`cityName`);

--
-- Indexes for table `subscription`
--
ALTER TABLE `subscription`
  ADD PRIMARY KEY (`userName`,`cityName`),
  ADD KEY `subscriptionTOcity` (`cityName`);

--
-- Indexes for table `today`
--
ALTER TABLE `today`
  ADD PRIMARY KEY (`cityName`),
  ADD UNIQUE KEY `cityID` (`cityID`),
  ADD KEY `weatheroftodayTOweather` (`cityID`,`date`);

--
-- Indexes for table `user`
--
ALTER TABLE `user`
  ADD PRIMARY KEY (`userName`),
  ADD UNIQUE KEY `email` (`email`);

--
-- Indexes for table `weather`
--
ALTER TABLE `weather`
  ADD PRIMARY KEY (`cityID`,`date`),
  ADD KEY `weatherTOexwt` (`exwtID`),
  ADD KEY `weatherTOwt` (`wtID`);

--
-- Indexes for table `wt`
--
ALTER TABLE `wt`
  ADD PRIMARY KEY (`wtID`),
  ADD UNIQUE KEY `wtType` (`wtType`);
